publication_year,fear,anticipation,trust,joy,sadness,anger
1976,4.11129568106312,14.5141196013289,22.92704872646733,2.36710963455149,2.9485049833887,1.16279069767441
1977,5.81305826229931,6.133969620444709,29.42500315229946,3.2108863898887203,2.46853777601053,3.23582604329879
1978,2.1764520202020203,5.5709670231729,29.26881737543502,4.59829386299974,0.73051948051948,0.0
1979,6.76477364331844,8.16215117085075,32.34165426313206,4.2308693767286,5.57814317525084,1.97811309132063
1980,5.10490762717098,6.84716657326752,26.25182169668291,6.169361196012249,3.8775371111464,2.10608914865284
1981,3.01293443398706,9.28581944371418,26.42751984857248,2.86176980913823,1.26105473473894,0.0
1982,4.22171532325337,9.41540998874986,34.22868596749977,4.89298419516543,2.0918121869404698,1.43799896589703
1983,3.30573540971765,7.20115415285048,32.50979424206524,4.34463608949862,3.15410409888637,0.87822215810964
1984,4.9203977215881505,8.35713273861355,33.53176757607098,4.45556912012083,3.42521118146005,2.78046449510274
1985,4.9016933653153805,8.037028964523591,27.32161146631261,4.09891375279244,4.15469279646622,1.61858403633175
1986,6.10664779745054,7.8409116876745495,24.68864700455421,3.7805485022659604,3.25919252930112,1.1447892351023699
1987,3.29609568690345,8.73191077034193,34.34325935627343,4.25194863628083,2.28931588139395,1.5954373378694702
1988,4.5348493509249,5.980637630427,28.4087719262271,2.6435547723333097,3.2630590194388702,2.19005934233958
1989,3.94721548641101,11.06711993243962,30.906439957601663,3.6809355078135098,3.09463513675267,1.82023522722677
1990,5.69469113585699,8.86966009168798,26.972162444006507,3.0450196737488,3.9374220508876996,1.96365757966433
1991,5.25729785711601,8.45528832970123,27.906207004586108,3.09191043161336,3.01962261918473,2.5474477591413
1992,6.21616191213306,8.30742107211392,25.31117351586288,3.71397132285572,4.663004592347749,2.72762988094787
1993,3.4727795142696,9.3384765014974,30.68760741658827,3.46282109138603,2.9358190579043897,2.4670176141436797
1994,3.0974413656337503,10.69121891403803,28.62807522350318,3.84062192718809,2.52349345845098,1.84536279501372
1995,4.52848406736367,7.540729703485489,32.292251672391906,3.4949344467509498,3.6542516898258,2.61407813525467
1996,2.9171852007737398,12.12514615292221,31.68143886523668,4.029876689234531,2.42368119934009,1.5436700637401701
1997,4.28571477622737,10.59533497473511,27.64736725823284,4.32631356385755,3.19798129888351,2.49709385702728
1998,3.31055620156619,9.80783301439521,27.09868082171803,4.63659307858402,3.2096783789184498,1.91136947826549
1999,3.6932024828458996,9.12438051614306,28.21996467142392,4.74664735662485,3.2308572798808903,2.39008845931124
2000,2.98549162103788,10.321988516365641,29.66321133990391,4.87078282659961,2.5359128313469,1.39792042422681
2001,3.7749046176660097,9.363715877144289,28.43575238880825,5.2498249915211,3.17956236798522,1.8593622555254399
2002,4.19787789689757,9.1422143952033,28.361735182996288,5.105919225201689,3.12145180239549,1.69179978615483
2003,3.5634256587633404,10.33848823771764,28.36179871777979,4.96080214170631,2.98311371266717,1.55874332246265
2004,3.59713252121989,10.39400525950534,27.150094149407224,5.37107726692101,2.91746292594717,1.9109558412662602
2005,4.06800371756593,9.76322074072041,26.594723642482,5.2771800641238595,3.2261372646140796,1.88178753666338
2006,4.086478843096001,9.83321164421358,26.33416988443621,4.65818543015227,3.27969090444619,2.3093439429232103
2007,3.9430342196408597,9.707136704326649,26.72576755691289,5.34370872405143,2.9803470423664,2.41638580804378
2008,3.2478605798954403,10.08311343196487,26.4314052622014,5.68374604063632,2.97761903367804,1.73685718921812
2009,3.49002921223249,10.0115134536304,27.41359318838753,5.03811348347347,2.72826546019572,1.9802986561248699
2010,3.6976010970291697,10.205380459966259,26.37436661712999,5.16657044668891,2.90868212615386,2.23347857248783
2011,3.62100246974915,11.35155482229507,25.33926430015847,5.163153134994889,2.9230453452585103,2.20546831938743
2012,3.94296801452723,11.43222216696923,25.667759337133152,5.1848101614674,2.73931221908593,2.62400869460413
2013,3.39982484774514,11.304064148948589,25.517743842385222,5.34272389693731,2.72659421167533,1.82386277369183
2014,4.1090104762047694,10.66881285222191,24.20709774898185,5.2677753095929,3.05660073916278,2.1354236407406804
2015,3.80733522898272,11.06152454517383,24.65075608866546,5.51346480116755,2.59708297807768,1.93697728341192
2016,3.99600434230324,11.369039512691401,24.20294434240416,5.3553827787729995,2.94855620623945,1.92725624866571
2017,4.44970359791483,11.59245940163263,22.35144680298835,5.626525562485471,3.32843850374115,2.49302101173391
2018,4.2511731005835,10.83849115337918,21.67965733651471,5.5606316006463,3.17054253213827,2.35834402864254
2019,4.66913914463554,10.76126059007142,20.4410701683368,5.41218630330081,3.35565754522519,2.38742456028576
2020,5.0021680661043,10.73190318278457,20.149816393353632,5.45947851728993,3.6157068607327503,2.62337144445496
2021,5.08844576287664,10.19503564120544,20.12796467549462,5.24867390400121,3.67527682962477,2.4957211608518897
2022,5.19357608966083,10.24856526175315,19.683408207750368,5.242294318644411,3.8111619605578397,2.61826821351704
2023,5.58076439509532,9.80477945903387,19.215932528568942,5.48711644414852,3.39502832902064,2.72453868381331
2024,5.6038157246498095,9.46813201177788,19.31486203995407,5.49209979404551,3.09209133464996,2.83899359723614
2025,5.6718947594829,8.88938294322718,19.566803711843438,5.267641853624331,3.26500563447298,3.19116027323067
